canonical_rank,source_rank,model_id,exact_empirical_crps,cells
1,12,asset_level_fastmap_kalman_dynamic_gaussian_factor_rebalanced,0.255725517,701280
2,13,bayesian_sbb_overlay_sv_ar1_logvol_bias_corrected,0.255822806,701280
3,14,bayesian_sbb_ml_vol_overlay_rf_harx_ff6,0.255876788,701280
4,15,bayesian_sbb_overlay_harch_1_5_22,0.256888064,701280
5,16,bayesian_sbb_overlay_ewma_absolute,0.258011651,701280
6,17,bayesian_sbb_overlay_gjr_garch_1_1,0.262244982,701280
7,18,bayesian_sbb_overlay_figarch_1_d_1,0.262458952,701280
8,19,asset_level_exact_kalman_dynamic_gaussian_factor_rebalanced,0.277164142,701280
9,20,sv_live_baseline_sharpe_dlm_historical_cagr_anchor_bdes_multiscale_vol_conditional_sharpe_full_inla_laplace_quadrature_centered_multiscale,0.292863638,701280
10,21,canonical,0.31571536,701280
11,22,stack_canonical_gaussian_w0.60,0.31571536,701280
12,23,stack_canonical_gaussian_w0.50,0.31571536,701280
13,24,stack_canonical_student_t_w0.60,0.31571536,701280
14,25,stack_canonical_student_t_w0.50,0.31571536,701280
15,26,stack_canonical_gaussian_w0.70,0.31571536,701280
16,27,stack_canonical_student_t_w0.70,0.31571536,701280
17,28,stack_canonical_gaussian_w0.80,0.31571536,701280
18,29,stack_canonical_student_t_w0.80,0.31571536,701280
19,30,stack_canonical_student_t_w0.90,0.31571536,701280
20,31,stack_canonical_gaussian_w0.90,0.31571536,701280
21,32,stack_canonical_gaussian_w1.00,0.31571536,701280
22,33,stack_canonical_student_t_w1.00,0.31571536,701280
23,34,dp_mixture_sv_sbb,0.330258102,701280
24,35,bayesian_sbb_overlay_mcmc_sv_ar1_leverage_transformed_raw_innovations_hac_drift_uncertainty,0.331269405,701280
25,36,observable_markov_state_sbb,0.331351866,701280
26,37,bayesian_sbb_overlay_ewma_absolute_historical_realized_sharpe,0.33149111,701280
27,38,factor_ff6_ridge_residual_sbb_none,0.332026911,701280
28,39,factor_ff6_ridge_residual_sbb_absolute_ewma,0.332126155,701280
29,40,sv_live_baseline_sharpe_dlm_historical_cagr_anchor_bdes_multiscale_vol_conditional_sharpe_optimal_block_adaptive_metropolis_proposal_mcmc,0.332216298,701280
30,41,bayesian_sbb_overlay_ewma_absolute_merton_positive_sample_mean,0.332711426,701280
31,42,bayesian_sbb_overlay_garch_1_1_merton_positive_sample_mean,0.334801974,701280
32,43,bayesian_sbb_overlay_mcmc_sv_ar1_leverage_merton_positive_sample_mean,0.335201266,701280
33,44,gas_score_driven_skewt,0.335222175,701280
34,45,constant_mean_gaussian,0.335418604,701280
35,46,constant_mean_student_t,0.33622274,701280
36,47,naive_iid_historical_portfolio_bootstrap,0.338505492,701280
37,48,stochastic_volatility_ar1_empirical,0.338838055,701280
38,49,sv_live_baseline_sample_mean_sample_standardized_sbb_optimal_block_adaptive_metropolis_proposal_mcmc,0.339156052,701280
39,50,bayesian_sbb_overlay_mcmc_sv_ar1_leverage_transformed_raw_innovations_merton_positive_sample_mean,0.339516385,701280
40,51,stochastic_volatility_ar1_empirical_sbb,0.340856562,701280
41,52,bayesian_sbb_overlay_mcmc_sv_no_ar_leverage_transformed_raw_innovations_hac_drift_uncertainty_adaptive_mcmc_harx_ff6_vol_anchor,0.341370961,701280
42,53,bayesian_sbb_overlay_mcmc_sv_ar1_merton_positive_sample_mean,0.342422982,701280
43,54,bayesian_mcmc_stochastic_volatility_sbb,0.342689775,701280
44,55,stochastic_volatility_ar1_student_t,0.344304458,701280
45,56,bayesian_sbb_overlay_gjr_garch_1_1_merton_positive_sample_mean,0.346829116,701280
46,57,bayesian_sbb_overlay_mcmc_sv_ar1_leverage_transformed_raw_innovations_hac_drift_uncertainty_adaptive_mcmc,0.347570325,701280
47,58,bayesian_sbb_overlay_sv_ar1_logvol_bias_corrected_hac_drift_uncertainty_harx_ff6_vol_anchor,0.348272631,701280
48,59,sv_live_baseline_robust_horizon_credibility_mean_sample_standardized_sbb_optimal_block_adaptive_metropolis_proposal_mcmc,0.35739416,701280
49,60,sv_live_baseline_positive_hac_mean_filtered_sbb_optimal_block_adaptive_metropolis_proposal_mcmc,0.366346553,701280
50,61,bayesian_sbb_overlay_ewma_absolute_empirical_bayes_positive_sharpe,0.378474817,701280
51,62,sv_live_baseline_positive_eb_mean_filtered_sbb_optimal_block_adaptive_metropolis_proposal_mcmc,0.379390562,701280
52,63,portfolio_gjr_garch_eb_sampler_stationary_sbb_optimal,0.379849473,701280
53,64,sv_live_baseline_empirical_bayes_mean_filtered_sbb_mad_standardized_optimal_block_adaptive_metropolis_proposal_mcmc,0.380758447,701280
54,65,sv_live_baseline_empirical_bayes_mean_filtered_sbb_vol_conditioned_residuals_optimal_block_adaptive_metropolis_proposal_mcmc,0.381834367,701280
55,66,sv_live_baseline_empirical_bayes_mean_filtered_sbb_paired_state_shocks_optimal_block_adaptive_metropolis_proposal_mcmc,0.382431265,701280
56,67,sv_live_baseline_empirical_bayes_mean_filtered_sbb_empirical_state_shocks_optimal_block_adaptive_metropolis_proposal_mcmc,0.382885554,701280
57,68,bayesian_sbb_overlay_ewma_absolute_empirical_bayes_positive_sharpe_mu_uncertainty,0.383129661,701280
58,69,sv_live_baseline_empirical_bayes_mean_filtered_sbb_optimal_block_adaptive_metropolis_proposal_mcmc,0.383133848,701280
59,70,bayesian_sbb_overlay_garch_1_1_empirical_bayes_sharpe,0.383370954,701280
60,71,sv_live_baseline_empirical_bayes_mean_sbb_optimal_block_adaptive_metropolis_proposal_mcmc,0.384339203,701280
61,72,bayesian_sbb_overlay_gjr_garch_1_1_empirical_bayes_sharpe,0.384481351,701280
62,73,sv_live_baseline_empirical_bayes_mean_filtered_sbb_empirical_sv_measurement_bias_optimal_block_adaptive_metropolis_proposal_mcmc,0.384646828,701280
63,74,sv_live_baseline_empirical_bayes_mean_filtered_circular_block_optimal_block_adaptive_metropolis_proposal_mcmc,0.384812534,701280
64,75,bayesian_sbb_overlay_egarch_1_1_empirical_bayes_sharpe,0.3857705,701280
65,76,bayesian_sbb_overlay_garch_1_1_hierarchical_empirical_bayes_sharpe,0.386044101,701280
66,77,sv_live_baseline_empirical_bayes_mean_filtered_sbb_evt_tail_splice_optimal_block_adaptive_metropolis_proposal_mcmc,0.386066471,701280
67,78,sv_live_baseline_empirical_bayes_mean_sbb_optimal_block_adaptive_mcmc,0.386962651,701280
68,79,sv_live_baseline_empirical_bayes_mean_filtered_sbb_student_t_state_shocks_optimal_block_adaptive_metropolis_proposal_mcmc,0.387924449,701280
69,80,bayesian_sbb_overlay_ewma_absolute_empirical_bayes_sharpe,0.388503125,701280
70,81,sv_live_baseline_evidence_dlm_drift_mean_sample_standardized_sbb_optimal_block_adaptive_metropolis_proposal_mcmc,0.389173945,701280
71,82,sv_live_baseline_hierarchical_eb_mean_filtered_sbb_optimal_block_adaptive_metropolis_proposal_mcmc,0.389809954,701280
72,83,sv_live_baseline_empirical_bayes_mean_nig_adaptive_mcmc,0.392315533,701280
73,84,sv_live_baseline_empirical_bayes_mean_nig_student_t_state_shocks_adaptive_mcmc,0.392927567,701280
74,85,sv_live_baseline_empirical_bayes_mean_nig_adaptive_metropolis_proposal_mcmc,0.393127746,701280
75,86,sv_live_baseline_horizon_credibility_mean_sample_standardized_sbb_optimal_block_adaptive_metropolis_proposal_mcmc,0.406310786,701280
76,87,sv_live_baseline_empirical_bayes_mean_student_t_state_shocks_adaptive_mcmc,0.411437596,701280
77,88,sv_live_baseline_empirical_bayes_mean_jf_skewt_adaptive_mcmc,0.412729016,701280
78,89,bayesian_sbb_overlay_mcmc_sv_ar1_leverage_transformed_raw_innovations_horizon_credibility_hac_drift_uncertainty_adaptive_mcmc,0.415303824,701280
79,90,sv_live_baseline_hierarchical_eb_mean_jf_skewt_adaptive_mcmc,0.417681575,701280
80,91,sv_live_baseline_horizon_credibility_mean_sample_standardized_sbb_vol_conditioned_residuals_optimal_block_adaptive_metropolis_proposal_mcmc,0.442324599,701280
81,92,sv_live_baseline_horizon_credibility_mean_sample_standardized_sbb_evt_tail_splice_optimal_block_adaptive_metropolis_proposal_mcmc,0.453131125,701280
82,93,sv_live_baseline_horizon_credibility_mean_filtered_sbb_optimal_block_adaptive_metropolis_proposal_mcmc,0.460725977,701280
83,94,bayesian_sbb_overlay_garch_1_1_prequential_crps_shrinkage,0.649725333,701280
84,95,sv_live_baseline_prequential_crps_mean_filtered_sbb_optimal_block_adaptive_metropolis_proposal_mcmc,0.653741296,701280
85,96,sv_live_baseline_horizon_credibility_mean_sample_standardized_sbb_drift_instability_optimal_block_adaptive_metropolis_proposal_mcmc,0.911488238,701280
86,97,bayesian_sbb_overlay_ewma_absolute_zero_sharpe,1.09351404,701280
87,98,sv_live_baseline_zero_mean_sample_standardized_sbb_optimal_block_adaptive_metropolis_proposal_mcmc,1.10068592,701280
88,99,sv_live_baseline_zero_mean_filtered_sbb_optimal_block_adaptive_metropolis_proposal_mcmc,1.11951734,701280
89,100,zero_mean_gaussian_vol_only,1.13841374,701280
