portfolio_name,portfolio_index,construction_rule,asset_tilt,source,raw_first_date,raw_last_date,common_return_count,origin_count,rebalance,equity_weight,fixed_income_weight,alternatives_weight,equity_ticker_1,equity_ticker_1_weight,equity_ticker_2,equity_ticker_2_weight,fixed_income_ticker_1,fixed_income_ticker_1_weight,fixed_income_ticker_2,fixed_income_ticker_2_weight,alternatives_ticker_1,alternatives_ticker_1_weight,alternatives_ticker_2,alternatives_ticker_2_weight,all_tickers,all_security_weights
equal_class_history_001,1,equal_asset_class_history_panel,equal_class_history,deterministic_equal_class_history,1970-01-05,2026-05-13,11687,33,annually,0.33333333333333337,0.33333333333333337,0.33333333333333337,URTHSIM,0.16666666666666666,VXUSSIM,0.16666666666666666,IEISIM,0.16666666666666666,ZROZSIM,0.16666666666666666,GLDSIM,0.16666666666666666,REITSIM,0.16666666666666666,"URTHSIM,VXUSSIM,IEISIM,ZROZSIM,GLDSIM,REITSIM","0.166666666667,0.166666666667,0.166666666667,0.166666666667,0.166666666667,0.166666666667"
equal_class_history_002,2,equal_asset_class_history_panel,equal_class_history,deterministic_equal_class_history,1979-12-31,2026-05-13,11687,33,annually,0.33333333333333337,0.33333333333333337,0.33333333333333337,VOOSIM,0.16666666666666666,VVSIM,0.16666666666666666,SHYSIM,0.16666666666666666,TLTSIM,0.16666666666666666,GSGSIM,0.16666666666666666,SLVSIM,0.16666666666666666,"VOOSIM,VVSIM,SHYSIM,TLTSIM,GSGSIM,SLVSIM","0.166666666667,0.166666666667,0.166666666667,0.166666666667,0.166666666667,0.166666666667"
equal_class_history_003,3,equal_asset_class_history_panel,equal_class_history,deterministic_equal_class_history,1968-04-03,2026-05-13,11687,33,annually,0.33333333333333337,0.33333333333333337,0.33333333333333337,VOESIM,0.16666666666666666,VOTSIM,0.16666666666666666,IEFSIM,0.16666666666666666,SHYSIM,0.16666666666666666,GLDSIM,0.16666666666666666,REITSIM,0.16666666666666666,"VOESIM,VOTSIM,IEFSIM,SHYSIM,GLDSIM,REITSIM","0.166666666667,0.166666666667,0.166666666667,0.166666666667,0.166666666667,0.166666666667"
equal_class_history_004,4,equal_asset_class_history_panel,equal_class_history,deterministic_equal_class_history,1979-12-31,2026-05-13,11687,33,quarterly,0.33333333333333337,0.33333333333333337,0.33333333333333337,VBKSIM,0.16666666666666666,XLFSIM,0.16666666666666666,IEISIM,0.16666666666666666,ZROZSIM,0.16666666666666666,GSGSIM,0.16666666666666666,SLVSIM,0.16666666666666666,"VBKSIM,XLFSIM,IEISIM,ZROZSIM,GSGSIM,SLVSIM","0.166666666667,0.166666666667,0.166666666667,0.166666666667,0.166666666667,0.166666666667"
equal_class_history_005,5,equal_asset_class_history_panel,equal_class_history,deterministic_equal_class_history,1970-01-05,2026-05-13,11687,33,annually,0.33333333333333337,0.33333333333333337,0.33333333333333337,EFASIM,0.16666666666666666,XLVSIM,0.16666666666666666,IEFSIM,0.16666666666666666,TLTSIM,0.16666666666666666,GLDSIM,0.16666666666666666,SLVSIM,0.16666666666666666,"EFASIM,XLVSIM,IEFSIM,TLTSIM,GLDSIM,SLVSIM","0.166666666667,0.166666666667,0.166666666667,0.166666666667,0.166666666667,0.166666666667"
equal_class_history_006,6,equal_asset_class_history_panel,equal_class_history,deterministic_equal_class_history,1979-12-31,2026-05-13,11687,33,annually,0.33333333333333337,0.33333333333333337,0.33333333333333337,VBRSIM,0.16666666666666666,XLYSIM,0.16666666666666666,SHYSIM,0.16666666666666666,TLTSIM,0.16666666666666666,GSGSIM,0.16666666666666666,REITSIM,0.16666666666666666,"VBRSIM,XLYSIM,SHYSIM,TLTSIM,GSGSIM,REITSIM","0.166666666667,0.166666666667,0.166666666667,0.166666666667,0.166666666667,0.166666666667"
equal_class_history_007,7,equal_asset_class_history_panel,equal_class_history,deterministic_equal_class_history,1979-12-31,2026-05-13,11687,33,annually,0.33333333333333337,0.33333333333333337,0.33333333333333337,VTSIM,0.16666666666666666,XLUSIM,0.16666666666666666,IEFSIM,0.16666666666666666,IEISIM,0.16666666666666666,GLDSIM,0.16666666666666666,GSGSIM,0.16666666666666666,"VTSIM,XLUSIM,IEFSIM,IEISIM,GLDSIM,GSGSIM","0.166666666667,0.166666666667,0.166666666667,0.166666666667,0.166666666667,0.166666666667"
equal_class_history_008,8,equal_asset_class_history_panel,equal_class_history,deterministic_equal_class_history,1979-01-03,2026-05-13,11687,33,monthly,0.33333333333333337,0.33333333333333337,0.33333333333333337,IWMSIM,0.16666666666666666,XLBSIM,0.16666666666666666,IEFSIM,0.16666666666666666,ZROZSIM,0.16666666666666666,REITSIM,0.16666666666666666,SLVSIM,0.16666666666666666,"IWMSIM,XLBSIM,IEFSIM,ZROZSIM,REITSIM,SLVSIM","0.166666666667,0.166666666667,0.166666666667,0.166666666667,0.166666666667,0.166666666667"
equal_class_history_009,9,equal_asset_class_history_panel,equal_class_history,deterministic_equal_class_history,1970-01-05,2026-05-13,11687,33,monthly,0.33333333333333337,0.33333333333333337,0.33333333333333337,VEASIM,0.16666666666666666,VOSIM,0.16666666666666666,IEISIM,0.16666666666666666,SHYSIM,0.16666666666666666,GLDSIM,0.16666666666666666,SLVSIM,0.16666666666666666,"VEASIM,VOSIM,IEISIM,SHYSIM,GLDSIM,SLVSIM","0.166666666667,0.166666666667,0.166666666667,0.166666666667,0.166666666667,0.166666666667"
equal_class_history_010,10,equal_asset_class_history_panel,equal_class_history,deterministic_equal_class_history,1979-12-31,2026-05-13,11687,33,none,0.33333333333333337,0.33333333333333337,0.33333333333333337,VTISIM,0.16666666666666666,XLESIM,0.16666666666666666,TLTSIM,0.16666666666666666,ZROZSIM,0.16666666666666666,GSGSIM,0.16666666666666666,REITSIM,0.16666666666666666,"VTISIM,XLESIM,TLTSIM,ZROZSIM,GSGSIM,REITSIM","0.166666666667,0.166666666667,0.166666666667,0.166666666667,0.166666666667,0.166666666667"
equal_class_history_011,11,equal_asset_class_history_panel,equal_class_history,deterministic_equal_class_history,1979-12-31,2026-05-13,11687,33,monthly,0.33333333333333337,0.33333333333333337,0.33333333333333337,SPYSIM,0.16666666666666666,XLPSIM,0.16666666666666666,SHYSIM,0.16666666666666666,ZROZSIM,0.16666666666666666,GSGSIM,0.16666666666666666,SLVSIM,0.16666666666666666,"SPYSIM,XLPSIM,SHYSIM,ZROZSIM,GSGSIM,SLVSIM","0.166666666667,0.166666666667,0.166666666667,0.166666666667,0.166666666667,0.166666666667"
equal_class_history_012,12,equal_asset_class_history_panel,equal_class_history,deterministic_equal_class_history,1968-04-03,2026-05-13,11687,33,monthly,0.33333333333333337,0.33333333333333337,0.33333333333333337,VTVSIM,0.16666666666666666,VUGSIM,0.16666666666666666,IEFSIM,0.16666666666666666,TLTSIM,0.16666666666666666,GLDSIM,0.16666666666666666,REITSIM,0.16666666666666666,"VTVSIM,VUGSIM,IEFSIM,TLTSIM,GLDSIM,REITSIM","0.166666666667,0.166666666667,0.166666666667,0.166666666667,0.166666666667,0.166666666667"
equal_class_history_013,13,equal_asset_class_history_panel,equal_class_history,deterministic_equal_class_history,1968-01-04,2026-05-13,11687,33,annually,0.33333333333333337,0.33333333333333337,0.33333333333333337,IWCSIM,0.16666666666666666,XLCSIM,0.16666666666666666,IEISIM,0.16666666666666666,TLTSIM,0.16666666666666666,REITSIM,0.16666666666666666,SLVSIM,0.16666666666666666,"IWCSIM,XLCSIM,IEISIM,TLTSIM,REITSIM,SLVSIM","0.166666666667,0.166666666667,0.166666666667,0.166666666667,0.166666666667,0.166666666667"
equal_class_history_014,14,equal_asset_class_history_panel,equal_class_history,deterministic_equal_class_history,1979-12-31,2026-05-13,11687,33,monthly,0.33333333333333337,0.33333333333333337,0.33333333333333337,VBSIM,0.16666666666666666,XLISIM,0.16666666666666666,SHYSIM,0.16666666666666666,ZROZSIM,0.16666666666666666,GLDSIM,0.16666666666666666,GSGSIM,0.16666666666666666,"VBSIM,XLISIM,SHYSIM,ZROZSIM,GLDSIM,GSGSIM","0.166666666667,0.166666666667,0.166666666667,0.166666666667,0.166666666667,0.166666666667"
equal_class_history_015,15,equal_asset_class_history_panel,equal_class_history,deterministic_equal_class_history,1979-01-03,2026-05-13,11687,33,none,0.33333333333333337,0.33333333333333337,0.33333333333333337,IWMSIM,0.16666666666666666,XLKSIM,0.16666666666666666,IEFSIM,0.16666666666666666,IEISIM,0.16666666666666666,GLDSIM,0.16666666666666666,REITSIM,0.16666666666666666,"IWMSIM,XLKSIM,IEFSIM,IEISIM,GLDSIM,REITSIM","0.166666666667,0.166666666667,0.166666666667,0.166666666667,0.166666666667,0.166666666667"
equal_class_history_016,16,equal_asset_class_history_panel,equal_class_history,deterministic_equal_class_history,1979-12-31,2026-05-13,11687,33,none,0.33333333333333337,0.33333333333333337,0.33333333333333337,SPYSIM,0.16666666666666666,VTSIM,0.16666666666666666,SHYSIM,0.16666666666666666,ZROZSIM,0.16666666666666666,GSGSIM,0.16666666666666666,SLVSIM,0.16666666666666666,"SPYSIM,VTSIM,SHYSIM,ZROZSIM,GSGSIM,SLVSIM","0.166666666667,0.166666666667,0.166666666667,0.166666666667,0.166666666667,0.166666666667"
equal_class_history_017,17,equal_asset_class_history_panel,equal_class_history,deterministic_equal_class_history,1968-01-04,2026-05-13,11687,33,quarterly,0.33333333333333337,0.33333333333333337,0.33333333333333337,VBKSIM,0.16666666666666666,XLYSIM,0.16666666666666666,IEFSIM,0.16666666666666666,IEISIM,0.16666666666666666,REITSIM,0.16666666666666666,SLVSIM,0.16666666666666666,"VBKSIM,XLYSIM,IEFSIM,IEISIM,REITSIM,SLVSIM","0.166666666667,0.166666666667,0.166666666667,0.166666666667,0.166666666667,0.166666666667"
equal_class_history_018,18,equal_asset_class_history_panel,equal_class_history,deterministic_equal_class_history,1979-12-31,2026-05-13,11687,33,quarterly,0.33333333333333337,0.33333333333333337,0.33333333333333337,VOESIM,0.16666666666666666,VVSIM,0.16666666666666666,TLTSIM,0.16666666666666666,ZROZSIM,0.16666666666666666,GLDSIM,0.16666666666666666,GSGSIM,0.16666666666666666,"VOESIM,VVSIM,TLTSIM,ZROZSIM,GLDSIM,GSGSIM","0.166666666667,0.166666666667,0.166666666667,0.166666666667,0.166666666667,0.166666666667"
equal_class_history_019,19,equal_asset_class_history_panel,equal_class_history,deterministic_equal_class_history,1970-01-05,2026-05-13,11687,33,quarterly,0.33333333333333337,0.33333333333333337,0.33333333333333337,VTISIM,0.16666666666666666,VXUSSIM,0.16666666666666666,SHYSIM,0.16666666666666666,TLTSIM,0.16666666666666666,GLDSIM,0.16666666666666666,SLVSIM,0.16666666666666666,"VTISIM,VXUSSIM,SHYSIM,TLTSIM,GLDSIM,SLVSIM","0.166666666667,0.166666666667,0.166666666667,0.166666666667,0.166666666667,0.166666666667"
equal_class_history_020,20,equal_asset_class_history_panel,equal_class_history,deterministic_equal_class_history,1979-12-31,2026-05-13,11687,33,quarterly,0.33333333333333337,0.33333333333333337,0.33333333333333337,XLFSIM,0.16666666666666666,XLISIM,0.16666666666666666,IEFSIM,0.16666666666666666,IEISIM,0.16666666666666666,GSGSIM,0.16666666666666666,REITSIM,0.16666666666666666,"XLFSIM,XLISIM,IEFSIM,IEISIM,GSGSIM,REITSIM","0.166666666667,0.166666666667,0.166666666667,0.166666666667,0.166666666667,0.166666666667"
equal_class_history_021,21,equal_asset_class_history_panel,equal_class_history,deterministic_equal_class_history,1979-12-31,2026-05-13,11687,33,monthly,0.33333333333333337,0.33333333333333337,0.33333333333333337,VOOSIM,0.16666666666666666,XLVSIM,0.16666666666666666,IEFSIM,0.16666666666666666,SHYSIM,0.16666666666666666,GLDSIM,0.16666666666666666,GSGSIM,0.16666666666666666,"VOOSIM,XLVSIM,IEFSIM,SHYSIM,GLDSIM,GSGSIM","0.166666666667,0.166666666667,0.166666666667,0.166666666667,0.166666666667,0.166666666667"
equal_class_history_022,22,equal_asset_class_history_panel,equal_class_history,deterministic_equal_class_history,1970-01-05,2026-05-13,11687,33,annually,0.33333333333333337,0.33333333333333337,0.33333333333333337,EFASIM,0.16666666666666666,IWCSIM,0.16666666666666666,IEISIM,0.16666666666666666,ZROZSIM,0.16666666666666666,REITSIM,0.16666666666666666,SLVSIM,0.16666666666666666,"EFASIM,IWCSIM,IEISIM,ZROZSIM,REITSIM,SLVSIM","0.166666666667,0.166666666667,0.166666666667,0.166666666667,0.166666666667,0.166666666667"
equal_class_history_023,23,equal_asset_class_history_panel,equal_class_history,deterministic_equal_class_history,1968-04-03,2026-05-13,11687,33,monthly,0.33333333333333337,0.33333333333333337,0.33333333333333337,XLBSIM,0.16666666666666666,XLESIM,0.16666666666666666,SHYSIM,0.16666666666666666,TLTSIM,0.16666666666666666,GLDSIM,0.16666666666666666,REITSIM,0.16666666666666666,"XLBSIM,XLESIM,SHYSIM,TLTSIM,GLDSIM,REITSIM","0.166666666667,0.166666666667,0.166666666667,0.166666666667,0.166666666667,0.166666666667"
equal_class_history_024,24,equal_asset_class_history_panel,equal_class_history,deterministic_equal_class_history,1979-12-31,2026-05-13,11687,33,monthly,0.33333333333333337,0.33333333333333337,0.33333333333333337,VOTSIM,0.16666666666666666,XLPSIM,0.16666666666666666,IEFSIM,0.16666666666666666,IEISIM,0.16666666666666666,GSGSIM,0.16666666666666666,SLVSIM,0.16666666666666666,"VOTSIM,XLPSIM,IEFSIM,IEISIM,GSGSIM,SLVSIM","0.166666666667,0.166666666667,0.166666666667,0.166666666667,0.166666666667,0.166666666667"
equal_class_history_025,25,equal_asset_class_history_panel,equal_class_history,deterministic_equal_class_history,1979-12-31,2026-05-13,11687,33,annually,0.33333333333333337,0.33333333333333337,0.33333333333333337,VBSIM,0.16666666666666666,VOSIM,0.16666666666666666,TLTSIM,0.16666666666666666,ZROZSIM,0.16666666666666666,GSGSIM,0.16666666666666666,SLVSIM,0.16666666666666666,"VBSIM,VOSIM,TLTSIM,ZROZSIM,GSGSIM,SLVSIM","0.166666666667,0.166666666667,0.166666666667,0.166666666667,0.166666666667,0.166666666667"
equal_class_history_026,26,equal_asset_class_history_panel,equal_class_history,deterministic_equal_class_history,1970-01-05,2026-05-13,11687,33,none,0.33333333333333337,0.33333333333333337,0.33333333333333337,VEASIM,0.16666666666666666,VUGSIM,0.16666666666666666,IEISIM,0.16666666666666666,SHYSIM,0.16666666666666666,GLDSIM,0.16666666666666666,REITSIM,0.16666666666666666,"VEASIM,VUGSIM,IEISIM,SHYSIM,GLDSIM,REITSIM","0.166666666667,0.166666666667,0.166666666667,0.166666666667,0.166666666667,0.166666666667"
equal_class_history_027,27,equal_asset_class_history_panel,equal_class_history,deterministic_equal_class_history,1968-01-04,2026-05-13,11687,33,annually,0.33333333333333337,0.33333333333333337,0.33333333333333337,VTVSIM,0.16666666666666666,XLUSIM,0.16666666666666666,IEFSIM,0.16666666666666666,TLTSIM,0.16666666666666666,REITSIM,0.16666666666666666,SLVSIM,0.16666666666666666,"VTVSIM,XLUSIM,IEFSIM,TLTSIM,REITSIM,SLVSIM","0.166666666667,0.166666666667,0.166666666667,0.166666666667,0.166666666667,0.166666666667"
equal_class_history_028,28,equal_asset_class_history_panel,equal_class_history,deterministic_equal_class_history,1979-12-31,2026-05-13,11687,33,quarterly,0.33333333333333337,0.33333333333333337,0.33333333333333337,URTHSIM,0.16666666666666666,XLKSIM,0.16666666666666666,TLTSIM,0.16666666666666666,ZROZSIM,0.16666666666666666,GLDSIM,0.16666666666666666,GSGSIM,0.16666666666666666,"URTHSIM,XLKSIM,TLTSIM,ZROZSIM,GLDSIM,GSGSIM","0.166666666667,0.166666666667,0.166666666667,0.166666666667,0.166666666667,0.166666666667"
equal_class_history_029,29,equal_asset_class_history_panel,equal_class_history,deterministic_equal_class_history,1979-12-31,2026-05-13,11687,33,none,0.33333333333333337,0.33333333333333337,0.33333333333333337,VBRSIM,0.16666666666666666,XLCSIM,0.16666666666666666,IEFSIM,0.16666666666666666,IEISIM,0.16666666666666666,GSGSIM,0.16666666666666666,SLVSIM,0.16666666666666666,"VBRSIM,XLCSIM,IEFSIM,IEISIM,GSGSIM,SLVSIM","0.166666666667,0.166666666667,0.166666666667,0.166666666667,0.166666666667,0.166666666667"
equal_class_history_030,30,equal_asset_class_history_panel,equal_class_history,deterministic_equal_class_history,1970-01-05,2026-05-13,11687,33,none,0.33333333333333337,0.33333333333333337,0.33333333333333337,IWCSIM,0.16666666666666666,VTSIM,0.16666666666666666,SHYSIM,0.16666666666666666,ZROZSIM,0.16666666666666666,GLDSIM,0.16666666666666666,REITSIM,0.16666666666666666,"IWCSIM,VTSIM,SHYSIM,ZROZSIM,GLDSIM,REITSIM","0.166666666667,0.166666666667,0.166666666667,0.166666666667,0.166666666667,0.166666666667"
equal_class_history_031,31,equal_asset_class_history_panel,equal_class_history,deterministic_equal_class_history,1968-04-03,2026-05-13,11687,33,monthly,0.33333333333333337,0.33333333333333337,0.33333333333333337,VOOSIM,0.16666666666666666,XLBSIM,0.16666666666666666,SHYSIM,0.16666666666666666,TLTSIM,0.16666666666666666,GLDSIM,0.16666666666666666,SLVSIM,0.16666666666666666,"VOOSIM,XLBSIM,SHYSIM,TLTSIM,GLDSIM,SLVSIM","0.166666666667,0.166666666667,0.166666666667,0.166666666667,0.166666666667,0.166666666667"
equal_class_history_032,32,equal_asset_class_history_panel,equal_class_history,deterministic_equal_class_history,1979-12-31,2026-05-13,11687,33,annually,0.33333333333333337,0.33333333333333337,0.33333333333333337,XLESIM,0.16666666666666666,XLFSIM,0.16666666666666666,IEFSIM,0.16666666666666666,ZROZSIM,0.16666666666666666,GSGSIM,0.16666666666666666,REITSIM,0.16666666666666666,"XLESIM,XLFSIM,IEFSIM,ZROZSIM,GSGSIM,REITSIM","0.166666666667,0.166666666667,0.166666666667,0.166666666667,0.166666666667,0.166666666667"
equal_class_history_033,33,equal_asset_class_history_panel,equal_class_history,deterministic_equal_class_history,1979-12-31,2026-05-13,11687,33,none,0.33333333333333337,0.33333333333333337,0.33333333333333337,VBSIM,0.16666666666666666,XLVSIM,0.16666666666666666,IEISIM,0.16666666666666666,SHYSIM,0.16666666666666666,GLDSIM,0.16666666666666666,GSGSIM,0.16666666666666666,"VBSIM,XLVSIM,IEISIM,SHYSIM,GLDSIM,GSGSIM","0.166666666667,0.166666666667,0.166666666667,0.166666666667,0.166666666667,0.166666666667"
equal_class_history_034,34,equal_asset_class_history_panel,equal_class_history,deterministic_equal_class_history,1968-01-04,2026-05-13,11687,33,none,0.33333333333333337,0.33333333333333337,0.33333333333333337,XLUSIM,0.16666666666666666,XLYSIM,0.16666666666666666,IEFSIM,0.16666666666666666,ZROZSIM,0.16666666666666666,REITSIM,0.16666666666666666,SLVSIM,0.16666666666666666,"XLUSIM,XLYSIM,IEFSIM,ZROZSIM,REITSIM,SLVSIM","0.166666666667,0.166666666667,0.166666666667,0.166666666667,0.166666666667,0.166666666667"
equal_class_history_035,35,equal_asset_class_history_panel,equal_class_history,deterministic_equal_class_history,1979-12-31,2026-05-13,11687,33,none,0.33333333333333337,0.33333333333333337,0.33333333333333337,VXUSSIM,0.16666666666666666,XLPSIM,0.16666666666666666,IEISIM,0.16666666666666666,TLTSIM,0.16666666666666666,GSGSIM,0.16666666666666666,REITSIM,0.16666666666666666,"VXUSSIM,XLPSIM,IEISIM,TLTSIM,GSGSIM,REITSIM","0.166666666667,0.166666666667,0.166666666667,0.166666666667,0.166666666667,0.166666666667"
equal_class_history_036,36,equal_asset_class_history_panel,equal_class_history,deterministic_equal_class_history,1968-04-03,2026-05-13,11687,33,annually,0.33333333333333337,0.33333333333333337,0.33333333333333337,VOESIM,0.16666666666666666,VTVSIM,0.16666666666666666,IEFSIM,0.16666666666666666,IEISIM,0.16666666666666666,GLDSIM,0.16666666666666666,SLVSIM,0.16666666666666666,"VOESIM,VTVSIM,IEFSIM,IEISIM,GLDSIM,SLVSIM","0.166666666667,0.166666666667,0.166666666667,0.166666666667,0.166666666667,0.166666666667"
equal_class_history_037,37,equal_asset_class_history_panel,equal_class_history,deterministic_equal_class_history,1970-01-05,2026-05-13,11687,33,quarterly,0.33333333333333337,0.33333333333333337,0.33333333333333337,EFASIM,0.16666666666666666,VOSIM,0.16666666666666666,SHYSIM,0.16666666666666666,TLTSIM,0.16666666666666666,REITSIM,0.16666666666666666,SLVSIM,0.16666666666666666,"EFASIM,VOSIM,SHYSIM,TLTSIM,REITSIM,SLVSIM","0.166666666667,0.166666666667,0.166666666667,0.166666666667,0.166666666667,0.166666666667"
equal_class_history_038,38,equal_asset_class_history_panel,equal_class_history,deterministic_equal_class_history,1979-12-31,2026-05-13,11687,33,quarterly,0.33333333333333337,0.33333333333333337,0.33333333333333337,VOTSIM,0.16666666666666666,VVSIM,0.16666666666666666,IEFSIM,0.16666666666666666,ZROZSIM,0.16666666666666666,GLDSIM,0.16666666666666666,GSGSIM,0.16666666666666666,"VOTSIM,VVSIM,IEFSIM,ZROZSIM,GLDSIM,GSGSIM","0.166666666667,0.166666666667,0.166666666667,0.166666666667,0.166666666667,0.166666666667"
equal_class_history_039,39,equal_asset_class_history_panel,equal_class_history,deterministic_equal_class_history,1979-12-31,2026-05-13,11687,33,none,0.33333333333333337,0.33333333333333337,0.33333333333333337,URTHSIM,0.16666666666666666,XLKSIM,0.16666666666666666,IEISIM,0.16666666666666666,SHYSIM,0.16666666666666666,GLDSIM,0.16666666666666666,GSGSIM,0.16666666666666666,"URTHSIM,XLKSIM,IEISIM,SHYSIM,GLDSIM,GSGSIM","0.166666666667,0.166666666667,0.166666666667,0.166666666667,0.166666666667,0.166666666667"
equal_class_history_040,40,equal_asset_class_history_panel,equal_class_history,deterministic_equal_class_history,1979-01-03,2026-05-13,11687,33,none,0.33333333333333337,0.33333333333333337,0.33333333333333337,IWMSIM,0.16666666666666666,XLCSIM,0.16666666666666666,TLTSIM,0.16666666666666666,ZROZSIM,0.16666666666666666,REITSIM,0.16666666666666666,SLVSIM,0.16666666666666666,"IWMSIM,XLCSIM,TLTSIM,ZROZSIM,REITSIM,SLVSIM","0.166666666667,0.166666666667,0.166666666667,0.166666666667,0.166666666667,0.166666666667"
equal_class_history_041,41,equal_asset_class_history_panel,equal_class_history,deterministic_equal_class_history,1979-12-31,2026-05-13,11687,33,quarterly,0.33333333333333337,0.33333333333333337,0.33333333333333337,VBKSIM,0.16666666666666666,VEASIM,0.16666666666666666,IEFSIM,0.16666666666666666,IEISIM,0.16666666666666666,GSGSIM,0.16666666666666666,SLVSIM,0.16666666666666666,"VBKSIM,VEASIM,IEFSIM,IEISIM,GSGSIM,SLVSIM","0.166666666667,0.166666666667,0.166666666667,0.166666666667,0.166666666667,0.166666666667"
equal_class_history_042,42,equal_asset_class_history_panel,equal_class_history,deterministic_equal_class_history,1968-04-03,2026-05-13,11687,33,none,0.33333333333333337,0.33333333333333337,0.33333333333333337,VBRSIM,0.16666666666666666,XLISIM,0.16666666666666666,TLTSIM,0.16666666666666666,ZROZSIM,0.16666666666666666,GLDSIM,0.16666666666666666,REITSIM,0.16666666666666666,"VBRSIM,XLISIM,TLTSIM,ZROZSIM,GLDSIM,REITSIM","0.166666666667,0.166666666667,0.166666666667,0.166666666667,0.166666666667,0.166666666667"
equal_class_history_043,43,equal_asset_class_history_panel,equal_class_history,deterministic_equal_class_history,1968-04-03,2026-05-13,11687,33,none,0.33333333333333337,0.33333333333333337,0.33333333333333337,SPYSIM,0.16666666666666666,VTISIM,0.16666666666666666,IEFSIM,0.16666666666666666,SHYSIM,0.16666666666666666,GLDSIM,0.16666666666666666,REITSIM,0.16666666666666666,"SPYSIM,VTISIM,IEFSIM,SHYSIM,GLDSIM,REITSIM","0.166666666667,0.166666666667,0.166666666667,0.166666666667,0.166666666667,0.166666666667"
equal_class_history_044,44,equal_asset_class_history_panel,equal_class_history,deterministic_equal_class_history,1979-12-31,2026-05-13,11687,33,annually,0.33333333333333337,0.33333333333333337,0.33333333333333337,VOSIM,0.16666666666666666,VUGSIM,0.16666666666666666,SHYSIM,0.16666666666666666,ZROZSIM,0.16666666666666666,GSGSIM,0.16666666666666666,SLVSIM,0.16666666666666666,"VOSIM,VUGSIM,SHYSIM,ZROZSIM,GSGSIM,SLVSIM","0.166666666667,0.166666666667,0.166666666667,0.166666666667,0.166666666667,0.166666666667"
equal_class_history_045,45,equal_asset_class_history_panel,equal_class_history,deterministic_equal_class_history,1979-12-31,2026-05-13,11687,33,none,0.33333333333333337,0.33333333333333337,0.33333333333333337,VBKSIM,0.16666666666666666,XLVSIM,0.16666666666666666,IEISIM,0.16666666666666666,TLTSIM,0.16666666666666666,GSGSIM,0.16666666666666666,SLVSIM,0.16666666666666666,"VBKSIM,XLVSIM,IEISIM,TLTSIM,GSGSIM,SLVSIM","0.166666666667,0.166666666667,0.166666666667,0.166666666667,0.166666666667,0.166666666667"
equal_class_history_046,46,equal_asset_class_history_panel,equal_class_history,deterministic_equal_class_history,1968-04-03,2026-05-13,11687,33,annually,0.33333333333333337,0.33333333333333337,0.33333333333333337,XLCSIM,0.16666666666666666,XLESIM,0.16666666666666666,IEISIM,0.16666666666666666,ZROZSIM,0.16666666666666666,GLDSIM,0.16666666666666666,REITSIM,0.16666666666666666,"XLCSIM,XLESIM,IEISIM,ZROZSIM,GLDSIM,REITSIM","0.166666666667,0.166666666667,0.166666666667,0.166666666667,0.166666666667,0.166666666667"
equal_class_history_047,47,equal_asset_class_history_panel,equal_class_history,deterministic_equal_class_history,1979-12-31,2026-05-13,11687,33,none,0.33333333333333337,0.33333333333333337,0.33333333333333337,VBRSIM,0.16666666666666666,VVSIM,0.16666666666666666,IEFSIM,0.16666666666666666,SHYSIM,0.16666666666666666,GSGSIM,0.16666666666666666,REITSIM,0.16666666666666666,"VBRSIM,VVSIM,IEFSIM,SHYSIM,GSGSIM,REITSIM","0.166666666667,0.166666666667,0.166666666667,0.166666666667,0.166666666667,0.166666666667"
equal_class_history_048,48,equal_asset_class_history_panel,equal_class_history,deterministic_equal_class_history,1968-04-03,2026-05-13,11687,33,monthly,0.33333333333333337,0.33333333333333337,0.33333333333333337,SPYSIM,0.16666666666666666,XLYSIM,0.16666666666666666,SHYSIM,0.16666666666666666,TLTSIM,0.16666666666666666,GLDSIM,0.16666666666666666,SLVSIM,0.16666666666666666,"SPYSIM,XLYSIM,SHYSIM,TLTSIM,GLDSIM,SLVSIM","0.166666666667,0.166666666667,0.166666666667,0.166666666667,0.166666666667,0.166666666667"
equal_class_history_049,49,equal_asset_class_history_panel,equal_class_history,deterministic_equal_class_history,1970-01-05,2026-05-13,11687,33,none,0.33333333333333337,0.33333333333333337,0.33333333333333337,VEASIM,0.16666666666666666,VOESIM,0.16666666666666666,IEISIM,0.16666666666666666,ZROZSIM,0.16666666666666666,GLDSIM,0.16666666666666666,SLVSIM,0.16666666666666666,"VEASIM,VOESIM,IEISIM,ZROZSIM,GLDSIM,SLVSIM","0.166666666667,0.166666666667,0.166666666667,0.166666666667,0.166666666667,0.166666666667"
equal_class_history_050,50,equal_asset_class_history_panel,equal_class_history,deterministic_equal_class_history,1979-12-31,2026-05-13,11687,33,none,0.33333333333333337,0.33333333333333337,0.33333333333333337,IWMSIM,0.16666666666666666,URTHSIM,0.16666666666666666,IEFSIM,0.16666666666666666,TLTSIM,0.16666666666666666,GSGSIM,0.16666666666666666,REITSIM,0.16666666666666666,"IWMSIM,URTHSIM,IEFSIM,TLTSIM,GSGSIM,REITSIM","0.166666666667,0.166666666667,0.166666666667,0.166666666667,0.166666666667,0.166666666667"
equal_class_history_051,51,equal_asset_class_history_panel,equal_class_history,deterministic_equal_class_history,1979-12-31,2026-05-13,11687,33,annually,0.33333333333333337,0.33333333333333337,0.33333333333333337,VOOSIM,0.16666666666666666,VTISIM,0.16666666666666666,IEFSIM,0.16666666666666666,IEISIM,0.16666666666666666,GSGSIM,0.16666666666666666,SLVSIM,0.16666666666666666,"VOOSIM,VTISIM,IEFSIM,IEISIM,GSGSIM,SLVSIM","0.166666666667,0.166666666667,0.166666666667,0.166666666667,0.166666666667,0.166666666667"
equal_class_history_052,52,equal_asset_class_history_panel,equal_class_history,deterministic_equal_class_history,1970-01-05,2026-05-13,11687,33,none,0.33333333333333337,0.33333333333333337,0.33333333333333337,EFASIM,0.16666666666666666,XLUSIM,0.16666666666666666,SHYSIM,0.16666666666666666,TLTSIM,0.16666666666666666,GLDSIM,0.16666666666666666,REITSIM,0.16666666666666666,"EFASIM,XLUSIM,SHYSIM,TLTSIM,GLDSIM,REITSIM","0.166666666667,0.166666666667,0.166666666667,0.166666666667,0.166666666667,0.166666666667"
equal_class_history_053,53,equal_asset_class_history_panel,equal_class_history,deterministic_equal_class_history,1968-04-03,2026-05-13,11687,33,monthly,0.33333333333333337,0.33333333333333337,0.33333333333333337,VUGSIM,0.16666666666666666,XLFSIM,0.16666666666666666,SHYSIM,0.16666666666666666,ZROZSIM,0.16666666666666666,GLDSIM,0.16666666666666666,SLVSIM,0.16666666666666666,"VUGSIM,XLFSIM,SHYSIM,ZROZSIM,GLDSIM,SLVSIM","0.166666666667,0.166666666667,0.166666666667,0.166666666667,0.166666666667,0.166666666667"
equal_class_history_054,54,equal_asset_class_history_panel,equal_class_history,deterministic_equal_class_history,1979-12-31,2026-05-13,11687,33,monthly,0.33333333333333337,0.33333333333333337,0.33333333333333337,VBSIM,0.16666666666666666,XLPSIM,0.16666666666666666,TLTSIM,0.16666666666666666,ZROZSIM,0.16666666666666666,GSGSIM,0.16666666666666666,REITSIM,0.16666666666666666,"VBSIM,XLPSIM,TLTSIM,ZROZSIM,GSGSIM,REITSIM","0.166666666667,0.166666666667,0.166666666667,0.166666666667,0.166666666667,0.166666666667"
equal_class_history_055,55,equal_asset_class_history_panel,equal_class_history,deterministic_equal_class_history,1970-01-05,2026-05-13,11687,33,none,0.33333333333333337,0.33333333333333337,0.33333333333333337,VTSIM,0.16666666666666666,XLKSIM,0.16666666666666666,IEFSIM,0.16666666666666666,IEISIM,0.16666666666666666,GLDSIM,0.16666666666666666,REITSIM,0.16666666666666666,"VTSIM,XLKSIM,IEFSIM,IEISIM,GLDSIM,REITSIM","0.166666666667,0.166666666667,0.166666666667,0.166666666667,0.166666666667,0.166666666667"
equal_class_history_056,56,equal_asset_class_history_panel,equal_class_history,deterministic_equal_class_history,1979-12-31,2026-05-13,11687,33,quarterly,0.33333333333333337,0.33333333333333337,0.33333333333333337,IWCSIM,0.16666666666666666,VTVSIM,0.16666666666666666,IEISIM,0.16666666666666666,ZROZSIM,0.16666666666666666,GSGSIM,0.16666666666666666,SLVSIM,0.16666666666666666,"IWCSIM,VTVSIM,IEISIM,ZROZSIM,GSGSIM,SLVSIM","0.166666666667,0.166666666667,0.166666666667,0.166666666667,0.166666666667,0.166666666667"
equal_class_history_057,57,equal_asset_class_history_panel,equal_class_history,deterministic_equal_class_history,1979-12-31,2026-05-13,11687,33,quarterly,0.33333333333333337,0.33333333333333337,0.33333333333333337,XLBSIM,0.16666666666666666,XLISIM,0.16666666666666666,IEFSIM,0.16666666666666666,SHYSIM,0.16666666666666666,GSGSIM,0.16666666666666666,REITSIM,0.16666666666666666,"XLBSIM,XLISIM,IEFSIM,SHYSIM,GSGSIM,REITSIM","0.166666666667,0.166666666667,0.166666666667,0.166666666667,0.166666666667,0.166666666667"
equal_class_history_058,58,equal_asset_class_history_panel,equal_class_history,deterministic_equal_class_history,1970-01-05,2026-05-13,11687,33,monthly,0.33333333333333337,0.33333333333333337,0.33333333333333337,VOTSIM,0.16666666666666666,VXUSSIM,0.16666666666666666,IEISIM,0.16666666666666666,TLTSIM,0.16666666666666666,GLDSIM,0.16666666666666666,SLVSIM,0.16666666666666666,"VOTSIM,VXUSSIM,IEISIM,TLTSIM,GLDSIM,SLVSIM","0.166666666667,0.166666666667,0.166666666667,0.166666666667,0.166666666667,0.166666666667"
equal_class_history_059,59,equal_asset_class_history_panel,equal_class_history,deterministic_equal_class_history,1968-04-03,2026-05-13,11687,33,annually,0.33333333333333337,0.33333333333333337,0.33333333333333337,VBKSIM,0.16666666666666666,XLYSIM,0.16666666666666666,SHYSIM,0.16666666666666666,TLTSIM,0.16666666666666666,GLDSIM,0.16666666666666666,REITSIM,0.16666666666666666,"VBKSIM,XLYSIM,SHYSIM,TLTSIM,GLDSIM,REITSIM","0.166666666667,0.166666666667,0.166666666667,0.166666666667,0.166666666667,0.166666666667"
equal_class_history_060,60,equal_asset_class_history_panel,equal_class_history,deterministic_equal_class_history,1979-12-31,2026-05-13,11687,33,none,0.33333333333333337,0.33333333333333337,0.33333333333333337,IWCSIM,0.16666666666666666,VOOSIM,0.16666666666666666,IEFSIM,0.16666666666666666,ZROZSIM,0.16666666666666666,GSGSIM,0.16666666666666666,SLVSIM,0.16666666666666666,"IWCSIM,VOOSIM,IEFSIM,ZROZSIM,GSGSIM,SLVSIM","0.166666666667,0.166666666667,0.166666666667,0.166666666667,0.166666666667,0.166666666667"
equal_class_history_061,61,equal_asset_class_history_panel,equal_class_history,deterministic_equal_class_history,1970-01-05,2026-05-13,11687,33,monthly,0.33333333333333337,0.33333333333333337,0.33333333333333337,VEASIM,0.16666666666666666,VTSIM,0.16666666666666666,SHYSIM,0.16666666666666666,ZROZSIM,0.16666666666666666,REITSIM,0.16666666666666666,SLVSIM,0.16666666666666666,"VEASIM,VTSIM,SHYSIM,ZROZSIM,REITSIM,SLVSIM","0.166666666667,0.166666666667,0.166666666667,0.166666666667,0.166666666667,0.166666666667"
equal_class_history_062,62,equal_asset_class_history_panel,equal_class_history,deterministic_equal_class_history,1979-12-31,2026-05-13,11687,33,monthly,0.33333333333333337,0.33333333333333337,0.33333333333333337,SPYSIM,0.16666666666666666,XLFSIM,0.16666666666666666,IEFSIM,0.16666666666666666,IEISIM,0.16666666666666666,GLDSIM,0.16666666666666666,GSGSIM,0.16666666666666666,"SPYSIM,XLFSIM,IEFSIM,IEISIM,GLDSIM,GSGSIM","0.166666666667,0.166666666667,0.166666666667,0.166666666667,0.166666666667,0.166666666667"
equal_class_history_063,63,equal_asset_class_history_panel,equal_class_history,deterministic_equal_class_history,1968-04-03,2026-05-13,11687,33,quarterly,0.33333333333333337,0.33333333333333337,0.33333333333333337,VBSIM,0.16666666666666666,XLESIM,0.16666666666666666,TLTSIM,0.16666666666666666,ZROZSIM,0.16666666666666666,GLDSIM,0.16666666666666666,SLVSIM,0.16666666666666666,"VBSIM,XLESIM,TLTSIM,ZROZSIM,GLDSIM,SLVSIM","0.166666666667,0.166666666667,0.166666666667,0.166666666667,0.166666666667,0.166666666667"
equal_class_history_064,64,equal_asset_class_history_panel,equal_class_history,deterministic_equal_class_history,1979-12-31,2026-05-13,11687,33,none,0.33333333333333337,0.33333333333333337,0.33333333333333337,VVSIM,0.16666666666666666,XLBSIM,0.16666666666666666,IEISIM,0.16666666666666666,SHYSIM,0.16666666666666666,GSGSIM,0.16666666666666666,REITSIM,0.16666666666666666,"VVSIM,XLBSIM,IEISIM,SHYSIM,GSGSIM,REITSIM","0.166666666667,0.166666666667,0.166666666667,0.166666666667,0.166666666667,0.166666666667"
equal_class_history_065,65,equal_asset_class_history_panel,equal_class_history,deterministic_equal_class_history,1970-01-05,2026-05-13,11687,33,quarterly,0.33333333333333337,0.33333333333333337,0.33333333333333337,VTISIM,0.16666666666666666,VXUSSIM,0.16666666666666666,IEFSIM,0.16666666666666666,TLTSIM,0.16666666666666666,GLDSIM,0.16666666666666666,SLVSIM,0.16666666666666666,"VTISIM,VXUSSIM,IEFSIM,TLTSIM,GLDSIM,SLVSIM","0.166666666667,0.166666666667,0.166666666667,0.166666666667,0.166666666667,0.166666666667"
equal_class_history_066,66,equal_asset_class_history_panel,equal_class_history,deterministic_equal_class_history,1979-12-31,2026-05-13,11687,33,none,0.33333333333333337,0.33333333333333337,0.33333333333333337,VOTSIM,0.16666666666666666,XLCSIM,0.16666666666666666,IEISIM,0.16666666666666666,ZROZSIM,0.16666666666666666,GSGSIM,0.16666666666666666,REITSIM,0.16666666666666666,"VOTSIM,XLCSIM,IEISIM,ZROZSIM,GSGSIM,REITSIM","0.166666666667,0.166666666667,0.166666666667,0.166666666667,0.166666666667,0.166666666667"
equal_class_history_067,67,equal_asset_class_history_panel,equal_class_history,deterministic_equal_class_history,1979-12-31,2026-05-13,11687,33,annually,0.33333333333333337,0.33333333333333337,0.33333333333333337,XLKSIM,0.16666666666666666,XLVSIM,0.16666666666666666,SHYSIM,0.16666666666666666,TLTSIM,0.16666666666666666,GSGSIM,0.16666666666666666,SLVSIM,0.16666666666666666,"XLKSIM,XLVSIM,SHYSIM,TLTSIM,GSGSIM,SLVSIM","0.166666666667,0.166666666667,0.166666666667,0.166666666667,0.166666666667,0.166666666667"
equal_class_history_068,68,equal_asset_class_history_panel,equal_class_history,deterministic_equal_class_history,1968-04-03,2026-05-13,11687,33,quarterly,0.33333333333333337,0.33333333333333337,0.33333333333333337,VOSIM,0.16666666666666666,VTVSIM,0.16666666666666666,IEFSIM,0.16666666666666666,TLTSIM,0.16666666666666666,GLDSIM,0.16666666666666666,REITSIM,0.16666666666666666,"VOSIM,VTVSIM,IEFSIM,TLTSIM,GLDSIM,REITSIM","0.166666666667,0.166666666667,0.166666666667,0.166666666667,0.166666666667,0.166666666667"
equal_class_history_069,69,equal_asset_class_history_panel,equal_class_history,deterministic_equal_class_history,1968-01-04,2026-05-13,11687,33,monthly,0.33333333333333337,0.33333333333333337,0.33333333333333337,VBRSIM,0.16666666666666666,VOESIM,0.16666666666666666,IEFSIM,0.16666666666666666,SHYSIM,0.16666666666666666,REITSIM,0.16666666666666666,SLVSIM,0.16666666666666666,"VBRSIM,VOESIM,IEFSIM,SHYSIM,REITSIM,SLVSIM","0.166666666667,0.166666666667,0.166666666667,0.166666666667,0.166666666667,0.166666666667"
equal_class_history_070,70,equal_asset_class_history_panel,equal_class_history,deterministic_equal_class_history,1979-12-31,2026-05-13,11687,33,quarterly,0.33333333333333337,0.33333333333333337,0.33333333333333337,EFASIM,0.16666666666666666,VUGSIM,0.16666666666666666,IEISIM,0.16666666666666666,ZROZSIM,0.16666666666666666,GLDSIM,0.16666666666666666,GSGSIM,0.16666666666666666,"EFASIM,VUGSIM,IEISIM,ZROZSIM,GLDSIM,GSGSIM","0.166666666667,0.166666666667,0.166666666667,0.166666666667,0.166666666667,0.166666666667"
equal_class_history_071,71,equal_asset_class_history_panel,equal_class_history,deterministic_equal_class_history,1979-01-03,2026-05-13,11687,33,quarterly,0.33333333333333337,0.33333333333333337,0.33333333333333337,IWMSIM,0.16666666666666666,XLPSIM,0.16666666666666666,SHYSIM,0.16666666666666666,TLTSIM,0.16666666666666666,GLDSIM,0.16666666666666666,SLVSIM,0.16666666666666666,"IWMSIM,XLPSIM,SHYSIM,TLTSIM,GLDSIM,SLVSIM","0.166666666667,0.166666666667,0.166666666667,0.166666666667,0.166666666667,0.166666666667"
equal_class_history_072,72,equal_asset_class_history_panel,equal_class_history,deterministic_equal_class_history,1979-12-31,2026-05-13,11687,33,none,0.33333333333333337,0.33333333333333337,0.33333333333333337,URTHSIM,0.16666666666666666,XLUSIM,0.16666666666666666,IEISIM,0.16666666666666666,ZROZSIM,0.16666666666666666,GSGSIM,0.16666666666666666,REITSIM,0.16666666666666666,"URTHSIM,XLUSIM,IEISIM,ZROZSIM,GSGSIM,REITSIM","0.166666666667,0.166666666667,0.166666666667,0.166666666667,0.166666666667,0.166666666667"
equal_class_history_073,73,equal_asset_class_history_panel,equal_class_history,deterministic_equal_class_history,1979-12-31,2026-05-13,11687,33,quarterly,0.33333333333333337,0.33333333333333337,0.33333333333333337,VXUSSIM,0.16666666666666666,XLISIM,0.16666666666666666,IEFSIM,0.16666666666666666,IEISIM,0.16666666666666666,GLDSIM,0.16666666666666666,GSGSIM,0.16666666666666666,"VXUSSIM,XLISIM,IEFSIM,IEISIM,GLDSIM,GSGSIM","0.166666666667,0.166666666667,0.166666666667,0.166666666667,0.166666666667,0.166666666667"
equal_class_history_074,74,equal_asset_class_history_panel,equal_class_history,deterministic_equal_class_history,1968-01-04,2026-05-13,11687,33,none,0.33333333333333337,0.33333333333333337,0.33333333333333337,VOTSIM,0.16666666666666666,XLVSIM,0.16666666666666666,IEFSIM,0.16666666666666666,SHYSIM,0.16666666666666666,REITSIM,0.16666666666666666,SLVSIM,0.16666666666666666,"VOTSIM,XLVSIM,IEFSIM,SHYSIM,REITSIM,SLVSIM","0.166666666667,0.166666666667,0.166666666667,0.166666666667,0.166666666667,0.166666666667"
equal_class_history_075,75,equal_asset_class_history_panel,equal_class_history,deterministic_equal_class_history,1979-12-31,2026-05-13,11687,33,monthly,0.33333333333333337,0.33333333333333337,0.33333333333333337,VBKSIM,0.16666666666666666,XLFSIM,0.16666666666666666,TLTSIM,0.16666666666666666,ZROZSIM,0.16666666666666666,GLDSIM,0.16666666666666666,GSGSIM,0.16666666666666666,"VBKSIM,XLFSIM,TLTSIM,ZROZSIM,GLDSIM,GSGSIM","0.166666666667,0.166666666667,0.166666666667,0.166666666667,0.166666666667,0.166666666667"
equal_class_history_076,76,equal_asset_class_history_panel,equal_class_history,deterministic_equal_class_history,1968-01-04,2026-05-13,11687,33,monthly,0.33333333333333337,0.33333333333333337,0.33333333333333337,IWCSIM,0.16666666666666666,XLYSIM,0.16666666666666666,IEISIM,0.16666666666666666,SHYSIM,0.16666666666666666,REITSIM,0.16666666666666666,SLVSIM,0.16666666666666666,"IWCSIM,XLYSIM,IEISIM,SHYSIM,REITSIM,SLVSIM","0.166666666667,0.166666666667,0.166666666667,0.166666666667,0.166666666667,0.166666666667"
equal_class_history_077,77,equal_asset_class_history_panel,equal_class_history,deterministic_equal_class_history,1968-04-03,2026-05-13,11687,33,quarterly,0.33333333333333337,0.33333333333333337,0.33333333333333337,VOESIM,0.16666666666666666,XLESIM,0.16666666666666666,TLTSIM,0.16666666666666666,ZROZSIM,0.16666666666666666,GLDSIM,0.16666666666666666,SLVSIM,0.16666666666666666,"VOESIM,XLESIM,TLTSIM,ZROZSIM,GLDSIM,SLVSIM","0.166666666667,0.166666666667,0.166666666667,0.166666666667,0.166666666667,0.166666666667"
equal_class_history_078,78,equal_asset_class_history_panel,equal_class_history,deterministic_equal_class_history,1979-12-31,2026-05-13,11687,33,monthly,0.33333333333333337,0.33333333333333337,0.33333333333333337,SPYSIM,0.16666666666666666,VOSIM,0.16666666666666666,IEFSIM,0.16666666666666666,ZROZSIM,0.16666666666666666,GSGSIM,0.16666666666666666,REITSIM,0.16666666666666666,"SPYSIM,VOSIM,IEFSIM,ZROZSIM,GSGSIM,REITSIM","0.166666666667,0.166666666667,0.166666666667,0.166666666667,0.166666666667,0.166666666667"
equal_class_history_079,79,equal_asset_class_history_panel,equal_class_history,deterministic_equal_class_history,1979-12-31,2026-05-13,11687,33,monthly,0.33333333333333337,0.33333333333333337,0.33333333333333337,VTSIM,0.16666666666666666,VUGSIM,0.16666666666666666,IEFSIM,0.16666666666666666,SHYSIM,0.16666666666666666,GSGSIM,0.16666666666666666,SLVSIM,0.16666666666666666,"VTSIM,VUGSIM,IEFSIM,SHYSIM,GSGSIM,SLVSIM","0.166666666667,0.166666666667,0.166666666667,0.166666666667,0.166666666667,0.166666666667"
equal_class_history_080,80,equal_asset_class_history_panel,equal_class_history,deterministic_equal_class_history,1968-04-03,2026-05-13,11687,33,annually,0.33333333333333337,0.33333333333333337,0.33333333333333337,XLBSIM,0.16666666666666666,XLISIM,0.16666666666666666,IEISIM,0.16666666666666666,TLTSIM,0.16666666666666666,GLDSIM,0.16666666666666666,REITSIM,0.16666666666666666,"XLBSIM,XLISIM,IEISIM,TLTSIM,GLDSIM,REITSIM","0.166666666667,0.166666666667,0.166666666667,0.166666666667,0.166666666667,0.166666666667"
